{
    "balanced_on_imbalanced": {
        "loss": 0.002377441614245375,
        "accuracy": 0.9996333333333334,
        "precision": 0.9996299119138634,
        "recall": 0.9996366085950662
    },
    "imbalanced_on_balanced": {
        "loss": 0.001932080817098419,
        "accuracy": 0.9996666666666667,
        "precision": 0.999670434972243,
        "recall": 0.9996683477121339
    }
}